SMILES,Reward,Step,Sim,Imp
C=C[C@]12C[C@H](NC(=O)N1)[C@H]1CO[C@@H]2O1,-12.44687696958925,10,0.6382978723404256,0.5285762083289178
N=N[C@]12C[C@H](NC(=O)N1)[C@H]1CO[C@@H]2O1,-12.801171909116583,4,0.6382978723404256,0.17428126880158423
O=N[C@]12C[C@H](NC(=O)N1)[C@H]1CO[C@@H]2O1,-12.849454091556971,19,0.6382978723404256,0.12599908636119572
NC(=O)[C@]12C[C@H](NC(=O)N1)[C@H]1CO[C@@H]2O1,-13.183160530172259,19,0.6122448979591837,-0.20770735225409176
CC(=O)[C@@]12C[C@H](NC(=O)N1)[C@H]1CO[C@@H]2O1,-15.932829699098171,112,0.6122448979591837,-2.957376521180004
