SMILES,Reward,Step,Sim,Imp
C=CC12CC3C[C@H](C1)C(=O)[C@@H](C3)C2,-9.81175367089687,109,0.6136363636363636,-0.3903169079770201
O=NC12CC3C[C@H](C1)C(=O)[C@@H](C3)C2,-10.25928512048608,111,0.6136363636363636,-0.8378483575662301
O=CC12CC3C[C@@H](C1)C(=O)[C@H](C3)C2,-10.45196253085565,20,0.6136363636363636,-1.0305257679357993
