SMILES,Reward,Step,Sim,Imp
O=NC1CC2(O)CC(OC2=O)C1O,-5.228357617455353,22,0.6341463414634146,3.4802887959975433
O=CC1CC2(O)CC(OC2=O)C1O,-5.228779107008547,22,0.6341463414634146,3.4798673064443495
N=NC1CC2(O)CC(OC2=O)C1O,-5.298776350347598,23,0.6341463414634146,3.4098700631052985
C=C(O)C12CC(O)C(O)C(C1)OC2=O,-8.210007342162433,11,0.6046511627906976,0.49863907129046403
O=NC1CC2(O)CC(OC2=O)C1O,-8.72460181703041,111,0.6341463414634146,-0.015955403577512683
O=CC1CC2(O)CC(OC2=O)C1O,-8.725023306583601,111,0.6341463414634146,-0.016376893130704673
N=NC1CC2(O)CC(OC2=O)C1O,-8.795020549922654,110,0.6341463414634146,-0.08637413646975745
NC(=O)C1C(O)CC2(O)CC1OC2=O,-8.911270240402057,15,0.6046511627906976,-0.2026238269491607
